number,Unnamed: 0,X1,X2,X3,X4,X5,X6,X7,X8,X9,X10,X11,X12,X13,X14,X15,X16,X17,X18,X19,X20,X21,X22,X23,label
0,0,1086,3416,-4767,8555,10629,14721,7568,10762,6492,11596,6433,6027,11769,2584,4562,9456,-2765,2103,3566,15626,3801,5368,10176,0
1,1,-4140,-9887,-10092,-3207,-14010,-4448,-7565,-12108,-12991,-8287,-9948,-11493,-10787,-13549,-10126,-9935,-9804,-1851,-13990,-12804,-11378,-1448,-6179,0
2,0,9185,11661,-985,4123,6877,463,3326,-330,3015,11081,3046,4691,11581,3855,5905,11092,-1225,3533,15377,3684,395,4713,5539,0
3,0,14595,5249,8093,9006,13708,2808,2609,4887,11027,11764,11228,9906,11354,4323,122,5752,2834,12307,3659,8318,13465,7986,10700,0
4,0,-4051,-4336,-7143,-12487,-5639,-11610,-13707,-9066,-5051,-6980,-5829,-13460,-13083,-13234,-3742,-12263,-12074,-11601,-7643,-11610,-12902,-5296,-13620,0
5,0,-1385,14690,15807,6257,7818,6452,7550,2686,13606,8908,17150,10404,-942,294,14968,-498,4239,11506,15135,7372,8150,10921,-413,0
6,6,9498,10960,8120,8904,11680,-1288,15711,3432,12456,10600,4423,5082,8321,-622,5952,12155,1712,9419,9423,9282,9191,12783,1290,0
7,7,1039,3134,5900,10705,4911,4152,3794,5928,2046,9416,4299,3270,6447,161,7271,5285,5900,5109,8050,3664,2011,7698,5533,0
8,8,2722,5224,6824,4834,7826,7064,2446,4055,5827,11485,-1194,-1108,6206,-5326,4079,236,1337,6828,-1774,-2797,9229,2595,-837,0
9,9,-1028,1770,-1574,1365,3573,-1464,-5451,4775,4381,4575,965,-4676,-3871,-2401,4715,4837,108,-2125,259,-1841,4713,-4619,1413,0
10,10,1563,11438,2059,4146,5623,-873,4877,-2618,1409,-291,-517,4653,403,1962,4748,-4790,5250,5256,2518,-1180,5795,8450,2590,0
11,11,9407,-2854,12489,8331,3754,11414,4796,10939,965,5672,9190,14757,2547,1377,13261,5776,9726,4345,7599,2509,4446,6990,6881,0
12,12,-3604,-228,6462,2247,-5359,2146,-727,-486,-1253,5215,1678,-2400,5251,-5345,3184,2456,2544,3518,-2280,-7486,9978,-1290,3444,0
13,13,-677,-5772,-2987,-3534,-3727,660,-8330,-6121,-2085,-8023,-6136,-10664,-8189,-7173,-2593,-487,-7838,300,3928,-1058,-2207,-8240,688,0
14,14,2184,5087,10935,11529,795,6745,8514,6237,2078,10611,12604,9271,6949,4116,9038,6833,7165,1839,2803,2199,10995,12284,7161,0
15,15,10121,9887,11768,7535,12402,4523,5721,6445,13391,2020,4199,8386,8773,-575,6911,3137,10122,1672,11879,10541,4949,4271,10973,0
16,16,7759,10774,2925,5624,11903,7032,4370,7748,5356,9187,7040,-1324,10801,2536,4318,3996,4957,5204,3512,190,9356,5012,-1569,0
17,17,108,7275,10019,-466,5326,389,2774,9203,5425,7959,5737,11436,5928,2086,8293,10241,5291,5576,9521,9851,6008,-1538,10819,0
18,18,-1829,8837,3432,7984,11893,9115,-1,2492,-608,2055,6355,8114,9302,2354,4584,648,5053,2917,8391,2059,6096,10586,7807,0
19,19,-925,-28,-3519,-4577,6194,-2164,-3425,-3118,1408,-2999,2938,2116,-2238,-3989,5608,1782,153,4398,-592,360,-2742,-1411,2305,0
20,20,4237,11438,8260,3543,1783,1789,7639,1635,12768,5605,7210,6736,6860,4519,6958,5399,6836,867,9078,7663,5299,1920,4454,0
21,21,9437,10708,9086,11141,1436,7307,9987,4102,992,11270,2273,1172,13726,-320,8135,4400,8404,2759,10198,6456,2293,955,3606,0
22,22,6584,11243,1262,11519,5378,6111,10749,2109,1177,2168,7461,9241,8645,2580,4171,6947,6980,9024,1674,1651,15225,2446,6605,0
23,23,13463,20094,20700,16197,18750,20204,15963,17461,21282,19792,11814,11700,18232,14339,14699,12600,12769,11572,14847,9076,19665,14244,13934,0
24,24,7240,6609,4394,-1192,4122,4324,5089,-2445,7920,4410,4220,2901,-2535,2094,6458,552,8025,7014,1174,1449,3694,7776,4252,0
25,25,13834,3688,-3386,12327,6917,7950,4404,3426,2215,2045,13985,10197,547,6597,7084,3079,9825,4096,9247,-1641,9419,6098,4914,0
26,26,8676,1717,11737,6491,4713,2302,2452,4695,5236,4032,11511,6920,2770,4616,6605,2181,10582,13659,-10070,98,16651,7754,5621,0
27,27,1001,7100,7742,426,7431,2193,-2758,7275,816,4694,-4003,-408,6412,-641,10257,0,-3982,1612,2185,-901,3874,2100,7251,0
28,28,289,6166,-5996,-8179,-481,-4598,-6288,-4519,3066,-6756,35,-3473,-6599,-8414,-1274,2920,2011,-6634,-4459,-6463,-5698,2387,-4972,0
29,29,2332,9683,13087,8987,8061,8271,2368,4857,15154,5875,13044,4712,8631,476,4192,16893,11068,5076,-3042,10843,1533,5678,4013,0
30,30,-7616,-8170,-9720,-8456,-3908,-10018,-7952,-5393,-1710,-9824,-3021,-4912,-11446,-9070,-2787,-8344,-5605,-8777,-7151,-13516,-4878,-11495,-13183,0
31,31,-656,-3296,-8051,-8358,2327,-6337,-4152,-2328,-5177,-9776,-1445,-1231,-10468,-5093,468,244,-2469,144,478,-5488,-4015,2847,-5471,0
32,32,15055,6755,2014,1735,-482,9504,16080,7224,9262,14210,6032,11357,11920,907,143,5800,14459,5375,15533,6246,1164,9028,9102,0
33,33,4715,10516,9571,11070,4730,2485,5266,3420,4815,7951,-456,8529,5468,4272,1188,2353,13398,4764,8916,3479,10090,10355,7188,0
34,34,6270,9495,5860,-843,5910,1832,9934,2478,10473,7937,1964,-1340,867,4115,-2100,-753,3395,7263,2287,9882,-302,4407,9479,0
35,35,9597,7862,1154,1783,6267,4836,1167,7864,119,-2348,6973,3299,2784,4245,2129,2940,12649,981,1687,14170,1969,9806,5669,0
36,36,2357,6248,2811,-985,2950,4633,8125,5820,4963,4972,8141,10997,2247,1606,5578,12574,8079,11374,4072,9626,7330,12118,8397,0
37,37,7927,13060,11056,3385,6509,1849,7955,4752,1501,3522,7631,13605,3208,3760,11425,11104,7592,10449,4538,12638,12399,7783,11188,0
38,38,3657,11112,10334,10241,6006,11782,2794,1103,6567,8419,5843,10149,12758,6574,1225,10417,9129,2941,10771,11448,7835,3706,10853,0
39,39,10942,3089,10190,4684,5357,7839,7563,8276,6737,1797,4411,7657,10284,8171,10742,9476,13553,2308,6683,4699,3544,12046,4218,0
40,40,8392,13116,5788,6443,6455,7651,13823,10862,8933,5346,5314,6758,3319,6935,6754,8971,7819,2533,2539,5994,12156,9423,10260,0
41,41,-2023,1900,274,-2489,754,647,10495,110,-1233,385,6163,9676,7706,3749,12408,-235,-1216,2710,77,8125,2412,587,7128,0
42,42,11898,10974,14248,17319,19744,13338,22909,17814,18531,16741,11577,17028,14749,12480,16110,15673,7995,23197,7966,20037,21496,7716,19718,0
43,43,13505,8195,1821,10871,10902,10926,9663,8920,11162,10328,7870,13152,1748,6008,9545,12523,4868,6251,176,13660,13097,9685,3576,0
44,44,640,4601,9162,9103,10265,9858,3088,12912,785,4177,7075,12461,9117,2429,10916,11054,4657,9833,5525,1937,11466,6187,7955,0
45,45,11612,1575,2828,3758,3392,9381,5070,11593,2696,4795,5474,11174,12899,5561,4764,9683,4053,5457,5979,8114,6804,7305,11520,0
46,46,9673,14741,9372,10051,5880,10464,12010,7765,10404,9607,10462,1384,6311,7468,6164,2054,6847,172,14206,8829,4141,10685,5196,0
47,47,7275,10116,6704,1489,14831,5150,7756,9444,8742,5133,8269,-2748,8749,3345,6559,7640,-1986,6557,13805,7043,3314,5579,4264,0
48,48,-4884,-3992,-843,-4192,-1897,-9684,-6494,-5479,5222,-4413,-4732,-4372,-5019,-2812,299,-3766,-2922,3298,221,-2423,-10428,-1509,834,0
49,49,7715,1002,7307,9462,696,12279,1328,9956,5452,2191,6685,-1248,10512,4900,4939,987,11360,5850,9782,8243,2446,11958,4279,0
50,50,6583,3046,426,4369,6804,5115,-138,-4929,6276,4914,5107,7522,73,957,6666,302,-1071,-3338,8365,-3188,4391,4213,-2791,0
51,51,11457,5742,12863,9129,6556,13289,1344,8320,15594,7100,4642,8516,1011,11257,5139,9680,10348,10716,11420,4295,1799,18841,-350,0
52,52,16985,11285,11592,11108,19197,13714,10950,18101,15841,12384,15434,21904,12220,15931,11164,15713,22265,19052,18038,19901,16450,16043,17283,0
53,53,7758,6579,1277,7758,-2368,4264,6764,-3000,3573,4572,1721,8073,-1802,3158,-153,4406,1892,4997,6603,5509,2555,4591,-2921,0
54,54,11555,1431,8094,6774,10097,12079,3390,8953,8611,5422,5470,4574,6872,7577,12393,12432,10216,8501,7218,6471,7983,9508,12900,0
55,55,9912,8435,9397,8337,10842,4906,3864,6884,-749,12254,7620,-1476,11056,11440,1226,1992,1537,4596,7014,3577,3221,4475,7922,0
56,56,9274,8702,3045,12017,5939,11994,-4585,11430,783,8272,1076,15069,5847,8077,16991,1318,7631,9062,5175,3876,9093,4309,8304,0
57,57,-1264,5333,1981,5131,9077,15315,4387,4880,11327,7829,9607,10217,1246,9143,6551,6488,1298,11389,5742,10501,2158,5253,310,0
58,58,-1170,-3681,-6962,-5546,-8093,-4023,-6418,-8312,-5348,-9389,-8479,-4283,-6497,-810,-1388,-5990,-5875,-1274,1146,-4893,2252,-4946,144,0
59,59,2631,14162,1021,2881,12426,2816,6831,11420,6232,7723,10603,9073,8520,8579,1393,7856,2712,-2261,10838,1730,7983,6359,4706,0
60,60,3807,941,4672,4100,9454,4853,-3375,11578,9201,10457,6639,3983,9147,9838,6355,10405,6551,5056,5596,7515,8506,10371,5654,0
61,61,8297,7671,13613,580,12151,8745,9817,3316,5987,10745,1424,9482,11968,2089,10913,6024,2097,4207,12321,-459,5518,9238,10990,0
62,62,3840,2315,8954,6294,4277,12963,5758,664,2840,2634,8438,9745,6621,9577,7695,1750,883,4131,3233,-3162,2385,4138,1870,0
63,63,651,-5238,-6537,-7490,983,-5922,-5690,-3602,-404,271,-2584,1425,-8124,-2195,-2062,-71,1825,2376,-1501,550,-3722,-3272,-1689,0
64,64,13373,7153,11939,5086,10195,7578,1948,6769,2363,6990,4846,8453,8690,8537,5441,6375,6540,10686,7766,11795,8577,12121,14253,0
65,65,3628,5033,10425,-1574,11919,10107,9184,12699,7824,8723,4858,11103,5490,6014,843,11121,6649,4934,-5114,8787,8506,9238,10138,0
66,66,4592,2232,5188,9763,4776,1873,2212,2378,3845,2842,1419,11344,8904,5617,4041,5202,8775,6467,7296,4114,9014,3910,10354,0
67,67,5980,-3128,3917,6451,-4784,3556,6535,2812,-1363,7429,-2548,1303,2940,3791,9537,-5682,3815,5781,1631,2934,2580,-207,751,0
68,68,10018,6504,-197,-2829,7585,7128,1570,3572,7629,9333,1609,3942,9026,5843,8711,5687,1917,6115,4913,5097,-88,13734,8813,0
69,69,5193,11997,9711,3327,4874,6174,2350,8268,13108,-198,10181,4867,415,9892,7626,1397,440,7674,4343,9534,12828,9352,3747,0
70,70,6133,5901,10297,6692,12634,8131,12021,4010,4927,9775,10822,3067,8781,10832,10397,3813,11499,11023,4980,-3385,15211,6098,10080,0
71,71,5388,10112,12528,2571,5803,12055,7151,11887,1031,2606,14944,5106,11357,8155,4436,9777,4440,3243,14211,-529,3375,9326,4929,0
72,72,6697,-4030,221,5328,2564,2404,4124,3748,-1487,-1770,4172,-4078,1103,3340,-4692,-4304,-4435,349,4096,5533,-175,-3790,-506,0
73,73,4907,2453,-1539,-1299,-3204,2414,10430,-234,264,-667,2991,3322,4222,5523,-1125,3564,7259,6615,7095,939,924,-1029,-3790,0
74,74,2298,4462,11445,10104,13365,2583,12306,4437,10525,11105,5401,8817,10718,6855,7243,277,11881,12410,10334,6122,10011,8997,14004,0
75,75,-1455,-8919,-5348,-2438,783,-2647,-3257,-10023,-1765,-4928,-6646,-8651,-2803,249,-6718,811,-6208,-7349,-6698,-2291,-2997,-5387,-1590,0
76,76,2671,4831,3198,186,4926,2677,872,9292,-2254,6236,1160,5866,592,9843,292,4457,9227,1528,1483,975,2950,2831,5892,0
77,77,1981,6964,9879,7878,945,3158,8586,8568,2278,7207,902,5983,1596,9254,5636,5507,6842,10827,2672,11108,14374,9215,10676,0
78,78,4974,572,11077,-2050,5376,8435,1260,-3626,1384,2316,-1712,8548,-2076,4419,8392,-4864,2708,10488,63,9779,1482,-278,-359,0
79,79,2872,6948,7290,-59,3819,10156,9488,9178,3957,3337,1440,9784,3049,8633,-1314,1623,7542,12690,8125,1418,-1910,12810,547,0
80,80,11063,2790,286,6707,6317,792,8381,3909,6100,7469,-260,2978,7040,9587,813,3196,4166,8802,707,-763,12898,900,8940,0
81,81,5724,6551,7370,9504,5793,3579,12030,10418,9001,9888,2607,2820,12774,10745,8596,7365,4634,12809,6101,9198,11062,9472,4252,0
82,82,3123,7467,7919,10667,6249,4410,10533,3419,9122,11855,-716,-317,12690,10908,1020,12947,5516,9686,9296,7855,2770,10225,5772,0
83,83,19812,20597,16868,20241,19158,15556,20404,22917,16839,17409,14305,15924,21724,20470,11833,18226,16962,11768,18901,14840,14700,11525,14769,0
84,84,447,887,1446,-8831,-2291,-4999,-2868,-5458,1731,-883,-1805,1941,-4377,555,-4159,-1321,-7244,-6201,-8078,2624,-7827,481,2539,0
85,85,1131,10195,8797,4074,4281,7830,2228,11174,3612,13469,-123,12017,10270,9503,7353,1606,2688,3818,12203,2538,2565,7392,6077,0
86,86,16593,1665,8655,4059,4287,9954,2310,12506,12101,1799,8647,11915,826,11981,3192,9823,9373,8875,3111,12760,1967,4678,8821,0
87,87,8304,10570,8356,8566,9468,6587,5085,2990,2175,6769,4142,3188,2637,9968,2283,9848,4734,1099,-33,10746,2438,4088,629,0
88,88,6071,1553,10094,8678,8044,10074,5430,4548,1885,-2973,5446,10086,6217,10028,1744,10561,6573,10776,10738,3251,18360,600,4334,0
89,89,824,7529,-1624,1687,185,7303,2904,2065,7001,2615,5046,1562,-2754,7610,2385,6808,88,64,6226,8263,7141,741,-2581,0
90,90,-2104,-1150,-4128,-746,-8760,9217,-5111,-1394,-176,564,-4483,-3866,343,5321,-5218,-9780,6148,-5123,1053,-299,-8144,6455,-4029,0
91,91,10560,3781,12683,11019,-559,11585,10749,4405,7603,7591,9521,11280,4410,4342,8636,9389,7064,8193,8248,7261,10010,6280,7712,1
92,92,8896,1561,2473,2875,1172,6059,966,-673,5437,1275,-1212,3674,4086,-5116,8735,5895,-4046,12014,-1273,-1259,6922,436,7736,1
93,93,-5530,7099,-2310,-8021,5873,-2807,-10657,10143,-9786,1775,1710,-3370,-7474,-8068,-2485,12236,-12285,8592,-4107,-797,1477,-9365,-96,1
94,94,-1918,7265,-2240,1187,-3548,7023,187,656,620,64,1252,1028,4396,127,-1560,3451,-4614,-2855,4958,1209,3195,1523,1561,0
95,95,876,-8414,-2199,-3252,-7824,-21,-1841,-2630,-6211,-7979,-3954,-3251,-1399,-500,-12693,-1396,2721,-8007,28,-4191,-5035,-3579,-8796,1
96,96,-3110,-228,3533,-5196,-4998,3973,-1155,-1981,-141,3880,-3433,-611,-5391,2645,-964,-1610,-2028,-4182,1033,3176,-2298,-1109,-2367,0
97,97,-10858,-11279,-9496,-10814,-13086,-9821,-9599,-13276,-11312,-8828,-11977,-10418,-14426,-6672,-12176,-10598,-11097,-11538,-9832,-10613,-10057,-13579,-7749,0
98,98,478,4976,-73,1955,2181,1814,3629,1646,1358,3329,-778,2109,2776,1960,3376,1676,1203,2431,1780,743,3963,696,1548,0
99,99,-4095,-4312,2773,-3533,-929,-4155,3959,1583,-5347,-6914,2619,-583,1811,-5960,-402,-1275,-25,-908,-2958,-3505,392,-5284,1631,0
100,100,585,-1645,1324,-3004,-149,-3795,2136,-1356,-122,132,-1477,52,-575,1018,566,-583,-255,-7365,64,841,1458,-1464,-2668,0
101,101,652,-5773,446,-1191,-1820,-2003,-539,-272,-2376,-3492,124,4164,-4802,-1849,-4208,773,-448,-1662,-1384,-846,-3036,-1075,-1362,0
102,102,-5012,-399,-3352,-2117,-7799,-878,905,-1897,-5026,-2454,-1686,-5271,-2577,-4159,-1295,-4069,-2665,-1904,-2911,-3800,-660,-4059,-4071,0
103,103,-5071,-2181,153,-8135,-2548,-3861,-5694,-3789,-43,1360,-10125,47,-4750,-1261,-6037,-2320,-3728,-4110,-2019,-4708,-2406,-2130,-3608,0
104,104,-1531,-2095,2219,-1273,-1790,-518,-2344,33,-94,1169,-2267,-1444,1270,-3391,-5212,3293,2302,-3101,2035,-2337,-4827,666,1392,0
105,105,-926,648,4163,-3574,1494,-549,2254,-1245,3780,5384,-3022,2157,57,2219,-1346,980,1870,1636,3855,1854,-2284,3086,-911,0
106,106,-5011,-6323,-6946,-4091,-6021,-5590,-7446,-4687,-6007,-4803,-5415,-6591,-5727,-4900,-8440,-4561,-2882,-7458,-4757,-6797,-5389,-6805,-5277,0
107,107,-3180,1580,13167,-1314,5635,9813,9205,-5436,7254,7497,11456,4443,-5744,5480,5471,12209,-879,9361,5139,12712,7688,-4994,11758,1
108,108,-5247,3053,1115,-3559,-284,-5525,1824,-2198,-3943,-580,2029,-2287,-2797,-2178,-3413,3543,-3426,-1165,4807,-7250,-2173,898,-1544,0
109,109,-7269,-6186,-1901,-6728,-5641,-3093,-8429,-5835,-1990,-5287,-5155,-6662,-4234,-5944,-2302,-5602,-5472,-4926,-4377,-6573,-7493,-3476,-4677,0
110,110,-1695,-2127,-5080,1139,-304,-2910,-3878,-2209,-485,-6742,40,-1560,-1822,-3223,-1822,-3487,-97,-2648,-849,-6327,281,-2787,-2110,0
111,111,5700,3865,4294,6014,6851,996,9792,3657,3308,4746,4020,8163,781,9909,806,2987,7079,6129,6648,4612,1261,5772,6881,0
112,112,3389,2492,4689,-2608,856,1011,4140,3241,-1304,-1194,5271,-3784,6564,3134,2117,-2761,3448,2496,-395,4898,-1338,1206,2206,0
113,113,-1649,219,-1043,-1483,-4343,6066,1054,-4198,-1386,-296,-1072,-1548,1006,-2422,-3532,1527,-3678,-9132,3705,3206,3442,-644,1671,1
114,114,-119,-1395,-4407,1209,1460,-945,-3388,-1794,-518,-5492,1828,-350,-1074,-3125,-457,-2342,389,-242,-368,-4399,1295,-673,-2235,0
115,115,147,-4280,416,-76,-1796,-1502,-2084,-220,-1369,-2645,-1059,-746,-1472,-1868,-43,-2888,-1606,108,-2102,-1227,75,-2790,-1604,0
116,116,-1491,-2512,-1,-5675,1474,-2073,-3056,-1711,-616,-2312,-1845,-1554,-158,-3960,-1575,-365,-1125,-5131,-117,-2235,-565,-1969,-2316,0
117,117,-11890,-14334,-13644,-12173,-13992,-13197,-13145,-14228,-13151,-12941,-13921,-12297,-14255,-13720,-12368,-12312,-14272,-16648,-10609,-13139,-14188,-12452,-13807,0
118,118,6419,3395,492,-6546,-749,-1669,-6285,3775,-7910,6330,-5500,-3150,4027,-10516,200,-3117,-3623,13275,-9416,1224,6407,-8676,-373,1
119,119,-2891,2496,-3561,-1113,-1227,-1443,495,-34,-3668,-159,-52,-384,-854,-2836,-900,-1835,-643,1216,-2536,-1443,1183,-2926,-43,1
120,120,-6904,-4767,-7666,-4156,-4484,-6845,-6121,-6804,-3354,-7458,-5080,-4582,-7321,-5244,-5423,-4392,-8300,-2931,-4483,-8748,-6741,-3539,-5392,0
121,121,1324,-1253,498,-325,1376,-80,2829,2687,-1762,-2595,4018,-1555,1340,-1079,3475,-447,1130,-1222,-1769,3220,-2884,2345,1297,1
122,122,1657,4902,-1356,-8303,-1641,-6734,-767,7199,-15147,3826,-2375,-3467,926,-3379,-12408,-3169,7114,-7725,5116,-10565,3360,-208,-929,1
123,123,3679,740,-4052,1747,819,950,7077,-5843,3271,-9,1243,4726,-622,1287,3316,-2011,2080,189,1655,-439,1301,3747,197,0
124,124,-1959,-4160,4248,-4851,1721,258,392,-2549,-322,-713,-875,776,-1510,-830,-1320,-1070,-1442,1346,1425,-6737,2653,928,-1873,0
125,125,3823,2969,2430,7746,4640,3150,3497,3488,3936,4582,3529,3375,4330,3793,3285,3451,3819,7048,11131,-756,1802,5510,4469,0
126,126,-426,-943,-498,-4037,-5469,-4266,527,1642,-5258,-3416,1795,-3417,-8109,-3102,-6251,5906,-13843,7976,-12996,-1681,616,-7203,344,1
127,127,6291,3115,6540,5040,5319,4775,5208,5897,4357,4306,5545,5422,5387,4340,6369,4192,5094,5953,4154,5346,6259,4103,4932,0
128,128,5337,815,5547,4833,3407,3291,3390,4769,3253,2312,4994,3725,2878,3119,5217,1623,4239,5587,3081,3266,6027,2041,2687,0
129,129,-1902,-1227,2878,-2052,2176,-3858,-2036,-3498,724,-1148,1053,635,-3398,-4525,5323,-833,-3879,1541,-2060,33,1369,-4133,307,0
130,130,-1239,-1240,-729,-198,-4146,10,407,-5146,-657,-542,-1006,-1969,-3618,1554,-1703,-972,-1686,-2932,565,-1267,-327,-2972,-160,0
131,131,-4764,-3168,-5437,-3421,-8731,-5758,-1764,-5871,-7973,-10939,-6861,200,-8217,-5668,-9183,-4125,-4707,-7681,-7120,-3161,-6974,-8448,-6771,1
132,132,-9279,-7870,-9232,-11368,-11568,-4777,-9295,-8741,-11003,-8419,-6720,-8416,-8228,-11386,-10360,-4875,-12056,-9292,-8157,-8178,-9710,-11521,-4982,0
133,133,-12529,-3996,-1160,-10537,-7237,-7738,-9463,611,-3162,-5779,-6140,-7058,-2218,-8409,-5876,-2898,-5830,-8918,-3633,-5517,-4992,-11660,-2494,1
134,134,-5172,-1680,-7797,-5495,-7164,-2773,-4437,-3245,-9141,-4262,-2409,-4114,-6956,-3746,-4819,-3729,-8961,-6745,-5542,-2642,-7159,-4470,-2233,0
135,135,1016,2120,198,2357,1724,2024,893,1664,1059,2227,-1778,2591,5491,-592,26,2088,4310,-258,1083,2699,-960,-832,5916,0
136,136,-8568,660,-4133,-3269,-7793,-4391,-493,3590,-9594,-1896,-2286,-2596,-9087,-427,-9378,4044,-16700,7668,-13724,-4529,2728,-11860,1966,1
137,137,-14063,-3509,-6651,-6792,-12815,-3108,-3639,-6255,-10787,-7796,-7985,-6669,-7804,-6653,-9528,-7637,-6466,-7944,-7041,-5227,-6927,-9061,-6172,0
138,138,-5914,-5462,-7553,-1995,-5034,-6617,-3256,-5048,-6277,-3777,-5602,-6772,-2769,-6043,-5066,-8065,-3278,-1883,-2885,-5465,-10484,-1982,-5455,0
139,139,9917,8250,13490,7172,9587,10389,7043,11582,8200,14168,7593,7486,11374,10807,8975,8683,11483,9391,11111,8146,9674,10478,8054,0
140,140,-2201,3133,866,-1925,-3608,-3546,262,-6291,3246,215,-5411,1656,3593,481,-3685,-2173,3598,58,-5105,5441,3129,-5350,-2048,1
141,141,-1733,361,1608,-2643,660,-2718,-2389,1050,-174,215,-1935,-1974,-1864,-1540,124,-948,-1226,-785,-3678,2140,-1204,-451,-1634,0
142,142,808,3690,-51,714,2999,5065,4143,-3511,7291,-1248,4119,-154,1270,3817,2817,765,3501,326,2274,5314,3155,-1437,3934,0
143,143,4856,-2935,7503,15,2569,3461,1710,1100,5712,-722,5930,1630,3243,-648,2763,2054,5716,1483,1580,2753,1231,4913,1201,0
144,144,-3109,1272,-2664,4320,-350,-1746,1919,846,-1968,1504,-247,-2954,3989,-1439,464,-3250,517,2918,2165,1187,-6494,3354,-1422,0
145,145,-6644,-9924,-5950,-12941,-5427,-6388,-7833,-9240,-9126,-5968,-10140,-7974,-6553,-11128,-6545,-5152,-11037,-9215,-5935,-6855,-10846,-9286,-3161,0
146,146,2544,6942,5297,5667,357,8216,8052,5332,3590,5632,4277,4359,5034,4092,5868,4882,4519,6280,4190,5552,7307,2850,4517,0
147,147,-7448,-10005,-11024,-9212,-7345,-7778,-5637,-14371,-5546,-10219,-9841,-6495,-4662,-12797,-9599,-10746,-7203,-8555,-7698,-9812,-10642,-8722,-9644,0
148,148,-1656,1410,3077,5038,-2862,-1078,-454,1999,-658,-148,7212,-1529,1272,-1284,2231,926,115,2405,2101,-1280,3002,271,-674,0
149,149,-5995,-7295,-5349,-5448,-3420,-12118,-8801,-4631,-8539,-4809,-7610,-9492,-1068,-10937,-5567,-6036,-6981,-7999,-7334,-5498,-7777,-4909,-9146,0
150,150,5733,63,6541,3647,2048,5456,4013,5694,3117,1213,5470,8720,1593,3757,1622,6108,5376,2410,3448,5204,4661,1296,6512,0
151,151,9365,-1232,-1344,-1842,1641,6857,-2295,-1815,-300,4793,-128,454,2812,948,2336,-798,-2935,658,3958,-138,3534,962,502,0
152,152,3088,5316,1837,2811,1829,7030,1072,3594,3910,3751,7201,-64,5209,2729,3712,3176,2386,4360,3992,3664,5056,681,6780,1
153,153,9658,9195,9457,11820,9164,8961,11033,10591,10441,9983,7394,12890,12233,9645,9681,9862,11178,8826,8323,10718,8558,12811,8830,0
154,154,2623,8391,4615,1277,4642,5004,5805,6153,2738,4992,1971,7363,2033,6888,1599,6815,3864,4010,6569,4321,6209,1880,5297,0
155,155,983,-1839,-2984,-300,-283,-3940,324,111,-1348,2225,-2837,-3349,-1333,455,-497,-4006,-1348,-1497,-2613,529,-873,2801,-1902,0
156,156,-8791,-7770,-12930,-9392,-7895,-9193,-6783,-14246,-8189,-9504,-7439,-9587,-8481,-11515,-9140,-8879,-10378,-6771,-9042,-11741,-10860,-7171,-9755,1
157,157,-12785,-13370,-14937,-13412,-12149,-16087,-12159,-12749,-14308,-12690,-14607,-12760,-14250,-15333,-11587,-12747,-15871,-13014,-11725,-16126,-11448,-13120,-13856,0
158,158,-10267,-9358,-6178,-10511,-12259,-6587,-7759,-9666,-12269,-8345,-9100,-7919,-10828,-7245,-8529,-11074,-7827,-8951,-9530,-10431,-7506,-8813,-10553,0
159,159,-10602,-8490,-9844,-10610,-7476,-9938,-9389,-8342,-7629,-8764,-9934,-10530,-8174,-10269,-9299,-7532,-9714,-8150,-10192,-8340,-9839,-9827,-8744,0
160,160,3044,7214,4157,5168,5909,4389,4694,6599,4087,5132,4224,6783,4534,3999,4348,6235,4529,6471,3305,5086,4641,5801,5697,0
161,161,-894,-862,1759,-1309,1258,-2261,866,-623,-5718,1338,2479,-5461,6909,-8326,1403,-1946,-6982,-119,3274,1291,-2797,5063,-1771,0
162,162,4668,-2422,9376,-5438,1635,2745,-9441,16115,-12121,9791,-3139,2990,7638,-3907,1151,1612,-1411,1486,6574,-5567,-5645,13322,-3041,0
163,163,-7389,-7233,-11896,-5593,-6482,-3394,-1394,-19828,-3907,-4424,-6955,-4972,-4941,-12259,-9714,-5633,-140,-4650,-11950,-15991,-2943,-4138,357,1
164,164,5398,-1348,940,134,3371,-29,846,-113,4509,-469,3928,-2514,-2276,2140,2825,-99,4644,704,-1022,3599,629,-4016,3277,0
165,165,7214,28837,-14976,-14903,1854,-33115,-5542,-16316,-3323,-11879,29642,27124,11360,-2403,-28455,-9095,-2738,-3901,12280,-18258,-34422,20526,-25515,0
166,166,-8458,-7308,-7294,-10042,-9988,-6925,-10904,-10527,-7153,-9961,-6344,-11170,-11438,-6763,-11369,-7390,-9476,-8614,-10664,-7409,-9592,-9470,-10035,0
167,167,828,-1922,1471,79,300,-578,11,740,-275,-969,642,199,409,-760,1044,-707,303,866,-1198,263,1161,-865,412,0
168,168,-7845,15172,-4686,-1874,-5608,-12817,-15537,4765,781,4674,11475,15976,8175,-645,-12623,-6987,-3346,-7232,-3738,-24793,-18093,-2967,-19838,0
169,169,-5011,-3151,-9184,-4842,-6532,-5597,-3888,-5889,-9906,-5516,-3042,-8448,-5728,-10224,-2388,-9229,-5619,-1978,-8854,-6065,-1340,-8526,-4353,1
170,170,-32,2548,6477,-897,1838,1815,-1938,1594,3557,-590,1358,-838,2278,31,1880,991,2507,677,-1245,247,682,3210,109,0
171,171,5475,4588,3866,7382,2665,6552,3984,5235,5012,5495,4895,4190,5980,4797,4321,5035,5134,6328,4104,4750,5462,3818,4985,0
172,172,-11065,-11203,-5767,-9425,-7645,-10265,-10672,-12590,-8519,-7912,-8056,-8855,-11671,-12497,-3596,-9888,-11858,-6700,-11526,-7079,-8885,-12424,-7349,0
173,173,4943,3278,2231,0,2227,1341,-1984,489,3660,-1508,3347,1203,-3873,4741,-515,4089,-3528,3038,551,2983,-1822,791,1264,0
174,174,8757,13274,6752,9806,11574,10065,9848,7878,11442,10355,11137,9207,9296,10348,10513,9711,11809,8059,11168,10412,10788,8861,9505,0
175,175,-1434,-2841,-3433,-2824,-2104,-3014,-1804,-942,-3096,-1721,-3402,-1938,-3727,-3963,64,-2011,-5031,-2083,-534,-3702,-1573,-1065,-3865,0
176,176,-9400,-7902,-5549,-8738,-9500,-12225,-9209,-7046,-9171,-3931,-15147,-9862,-4903,-10173,-9587,-7905,-11117,-8193,-9753,-4793,-10711,-10535,-10825,1
177,177,-4441,220,-2206,1148,-6496,3553,-833,-1039,-5085,707,-3756,-654,-913,-3156,-2040,-509,-1757,-3321,-1068,1630,-1885,-3173,-612,0
178,178,19331,6827,10517,6145,14960,7625,14862,3567,14005,-896,14779,9490,14738,-2089,15843,14636,3826,20387,5016,9779,7739,10068,13593,1
179,179,3806,3250,-3141,-918,-7375,-7836,12956,748,2947,4251,-4776,5320,1879,550,3239,-3710,3387,-1844,881,-504,-481,2256,-1068,1
180,180,3946,4619,3004,7430,911,8969,1802,2372,4692,2235,6249,4265,4361,4777,2184,5055,4608,-499,7771,7233,1955,-2680,2809,1
181,181,5828,667,-2643,-1038,5792,-4596,10083,-1845,-3741,-1417,2512,1407,2768,-6720,3407,10716,-5893,9313,-2738,-574,-5905,9030,341,1
182,182,-16459,-8219,-14021,-13087,-13053,-12411,-11848,-13110,-14626,-14331,-11243,-11721,-14573,-13126,-12495,-11587,-13186,-13279,-14334,-11240,-13680,-12737,-12882,0
183,183,-4311,3104,-3862,3046,2479,-4184,3889,-4646,6041,-4858,3010,-2170,-301,949,992,-397,1354,771,-3333,748,4555,-4526,1310,0
184,184,-4391,2677,-1034,-3860,-1714,54,-1514,249,-3573,1809,-1790,-1054,-1740,-1663,-1218,-177,-1403,-694,-1628,2778,766,-4578,-545,1
185,185,-7429,-1776,-7782,-6127,-7800,-5244,-6378,-5583,-6966,-6630,-7530,-6455,-6700,-5788,-7279,-6843,-4339,-5837,-7847,-7129,-4549,-7827,-4524,0
186,186,-4697,-821,-2620,330,-3817,-3851,-684,-2020,-3538,25,-3110,-1565,-2927,-2045,-1361,-4744,975,-3022,-3830,-588,-2100,-1721,-3513,0
187,187,-1134,-545,-3565,-204,-1274,374,-2906,-2238,688,-1640,-2001,-2045,-2715,2067,-467,-2921,-1164,-1492,-1270,-1210,-1228,-2211,515,0
188,188,1806,4218,4937,4153,1018,5045,2472,3904,4856,-519,6943,3337,4087,-3173,7790,5327,2008,2474,5318,3464,1595,4669,1376,0
189,189,865,-7044,1094,-398,-2973,-1124,-423,-3987,-1065,-2819,980,-2120,-1314,-4523,389,-4041,1379,-3035,-1387,-2628,-212,-1981,-2951,0
190,190,-7182,-6617,-2960,-3050,-1169,-5859,-612,-712,-4210,-575,-4146,-2157,274,-5003,-1851,-3057,-2471,-3727,167,-4107,-2070,-3242,-15,0
191,191,-4724,-8157,-5787,-13081,-4909,-5358,-6579,-8041,-8791,-3716,-11044,-7503,-6405,-9490,-4949,-5574,-10185,-7503,-6934,-5685,-8140,-11021,-248,0
192,192,-2,-7652,-12142,199,-5984,-15308,-3695,-4317,-13181,-6002,-8897,-3758,-9079,-6814,-1988,-5708,-11989,-7063,-8752,-8596,-4531,-8534,-8870,1
193,193,3586,1848,2311,4545,734,2759,4319,-372,4032,1702,4075,129,4303,2161,4334,1876,2819,1290,4642,1177,4799,1465,2535,0
194,194,-535,-2348,1861,-230,-842,2096,2728,-594,2117,2232,2107,277,-269,6372,-5049,1008,2714,-531,2567,-1475,1616,2148,2745,0
195,195,-10156,1165,-1627,-8040,-1311,-1842,-5436,-3233,1220,-5502,-7033,2313,-4569,-4445,-5167,-2030,-31,-4379,-4555,-6612,-506,-3886,-626,1
196,196,-6839,-8295,-6487,-7998,-7085,-7056,-7528,-7439,-7579,-7759,-6671,-8016,-6465,-8445,-6388,-7494,-7696,-7065,-7531,-6121,-8006,-7379,-7038,0
197,197,-3295,-3305,-3108,-2086,2283,-1366,-2859,-4226,4137,-5439,488,958,-1009,-5566,-2191,-1537,1399,3398,-6123,-2556,-4778,3957,398,1
198,198,1729,-1014,-3879,-458,6744,-352,-1111,-441,2123,1235,-3516,-1555,5917,4172,-860,-1856,-1298,-1518,1206,1683,-704,1210,1541,0
199,199,-8317,-10704,-9491,-10272,-7146,-10721,-11702,-7676,-12242,-8074,-9150,-10701,-7367,-10832,-11891,-4236,-10007,-9187,-7195,-12589,-11375,-6567,-11253,1
200,200,-4192,-249,-5502,2391,-281,-2156,3298,-2060,-589,868,2440,-2178,-2493,335,-3910,-170,-811,252,-1532,1342,-1269,-2494,-811,0
201,201,-4060,-2409,-5003,-852,-5078,-1934,-2190,-3574,-3556,-2749,-1442,-5426,-1400,-4741,-385,-4291,-3330,-554,-4124,-4328,-3246,-1932,-3073,0
202,202,-9558,-7615,-8810,-8587,-9264,-8482,-7840,-7796,-9480,-10390,-5887,-11322,-7766,-10208,-5213,-10476,-7515,-9349,-10111,-8642,-6643,-10374,-9092,0
203,203,3031,5650,-423,5478,4389,-4023,3405,5345,-1414,3016,3024,950,5266,-1719,4651,2295,1220,4815,438,3222,1335,2112,568,0
204,204,-1638,-476,10377,-10265,-3625,6898,-1657,-108,1744,5924,-5421,657,-6730,7964,-165,1936,-5426,-3468,716,6616,-1314,-3178,1937,0
205,205,-16436,-14089,-13463,-13971,-12395,-14741,-13324,-12440,-13707,-13124,-12852,-14507,-12207,-14364,-12857,-13779,-13641,-12750,-12756,-14165,-13099,-13551,-12983,0
206,206,-579,-412,-70,-1392,131,564,-381,-561,-715,83,-2313,160,1127,-425,-221,-912,1869,-1489,-753,2497,-3629,-2219,3180,0
207,207,-11495,-2639,4108,-6428,-3471,4379,-5565,-6502,-189,-4301,-6331,549,-1920,-3285,2570,-7780,-4413,-2628,707,-7496,-4137,-1753,239,1
208,208,1232,3141,-826,4759,-698,-2044,831,3072,2513,-578,4601,-500,-418,1802,1602,5392,-2676,-2875,-3017,2635,2279,5542,-1687,0
209,209,-8167,-3875,-5927,-5507,-5985,-6228,-1338,-3936,-9491,-5171,-3308,-6018,-5687,-5766,-4422,-4793,-6715,-4205,-5346,-4215,-3963,-6408,-421,1
210,210,2343,10567,2799,3758,5134,4609,5252,5885,4908,5365,4749,6598,2171,3608,7883,1934,4486,8279,3536,4187,4153,9983,2346,0
211,211,3843,-6139,8642,-6928,2464,-176,6041,-1493,1801,-4578,-479,5953,-6506,3748,589,3335,-526,-3198,3688,-3515,4577,-5169,2248,0
212,212,-13381,-14417,-11551,-14563,-13937,-13423,-15296,-11408,-12487,-13981,-13407,-12648,-15216,-16304,-13281,-13150,-12967,-12980,-13732,-13520,-11954,-14482,-13514,0
213,213,-7411,-7004,-2300,-5937,-6232,-4808,-2306,-6602,-4306,-5622,-7704,-2193,-6105,-4837,-3586,-5782,-3179,-6726,-4912,-3875,-7795,-3556,-5820,0
214,214,-1165,-3772,-1945,1210,-1125,-1626,-797,-1187,-2151,-1081,-602,-2307,156,-3829,-630,-3078,-604,-451,2760,-2890,-3560,772,-2412,0
215,215,350,-1126,760,-2021,-1426,-154,-371,-2992,1320,-921,-1663,200,-1073,-721,12,-1888,104,-869,-1350,-563,-165,-1806,674,0
216,216,8898,8713,12704,7168,9729,13078,6683,9680,11261,9533,9887,10838,10510,10947,12708,7209,9262,11767,12954,6480,5587,13547,11059,0
217,217,-3478,1064,-773,-375,-5998,3160,2124,-1160,-2586,122,-2357,-788,-498,-1987,-575,-238,-1468,-637,-1746,578,1421,-3697,-865,0
218,218,-334,604,34,149,717,-12,-222,1150,-652,311,-181,1483,-490,-494,25,657,-286,1291,-1311,-444,404,1963,1496,0
219,219,-8580,74,-8468,-6569,-3764,-8585,-6680,-2791,-6373,-7008,-2693,-5077,-10535,-4160,-4255,-10182,-4359,-4011,-6056,-9041,-4570,-1391,-8528,0
220,220,-3816,765,105,-1865,-2931,-5375,793,-1448,-4048,1022,775,-3180,-1807,-3602,-2337,2838,-3245,-1623,3846,-7620,-1144,-539,-2317,0
221,221,-6122,3025,-6118,2932,3364,-7690,1094,-1493,-10,202,-5939,1122,-2126,461,-6236,1029,-5070,2963,11611,-10597,-4512,112,-7875,0
222,222,13003,9078,9318,8944,11743,8377,11571,9065,8529,13847,11568,7958,7986,10044,9796,12830,7796,10736,9449,6841,13514,11696,7253,0
223,223,-5418,-2616,-5301,-3951,-2576,-2050,-2013,-4588,-4235,-3236,-3299,-2921,-3034,-2368,-4103,-4687,-2673,-1302,-4911,-2572,-1494,-2432,-4295,0
224,224,308,-219,-2452,-271,200,-1970,717,148,-1760,-499,-1282,19,-912,-2393,1173,-352,-2057,-394,1127,-2150,-264,952,-881,0
225,225,-837,-3776,1888,-18896,14974,-3917,12072,-7009,-7953,2447,-7013,695,-5086,-5398,5649,-1413,-6083,97,-7515,4634,4140,591,-17920,1
226,226,-9948,-8769,-9895,-9078,-8925,-9342,-8548,-9991,-9465,-8754,-10108,-9798,-8548,-9514,-8520,-8845,-8472,-11649,-9063,-8889,-9250,-8686,-10637,0
227,227,-2258,-2771,-2172,1551,1207,-1516,-1507,-2798,3307,-3423,-111,1326,915,-4794,-1279,-788,2055,3300,-6426,66,-4745,4108,1757,1
228,228,-5189,-1766,403,-4595,-3939,-4243,-1348,-1618,-6595,-1053,-157,-6233,-3020,-1988,-3274,-1295,-3929,-3135,-320,-4124,-3822,-1070,-3984,0
229,229,-8170,8378,-6481,-3939,-10677,-9796,-18876,4347,-2044,643,6364,7188,1704,-1820,-8597,-2975,-768,368,1631,-16431,-7872,-310,-12193,0
230,230,-3299,2427,-2900,5493,-9926,7953,1596,-6223,3358,-11163,794,4400,-6942,1490,100,-910,-5163,-7202,4546,6415,-6355,-5974,4160,1
231,231,-29,-1669,1762,-136,-1163,-1901,644,-239,-537,-93,213,-437,-550,330,-1080,-682,-1128,1243,-1956,-78,-767,79,-1318,0
232,232,-1975,3225,2823,3034,2625,1969,1588,-271,2868,1727,-78,4174,1168,2805,-1586,1673,3463,-284,-2505,3418,4218,-836,1004,0
233,233,3765,5518,7514,4119,4283,2422,6573,6732,1300,7355,8069,1877,5335,4722,5112,6408,4620,4325,7388,3895,3962,8120,3248,0
234,234,4546,3355,3150,3897,1317,5422,4175,3209,3818,1483,4010,6286,367,3662,5856,1048,3315,4876,2650,3068,5287,2383,3244,0
235,235,-7150,-6692,-3404,-8202,-2167,-10649,-8345,-9471,-4202,-8013,-3535,-3953,-8450,-12100,-1180,-7281,-7548,-4968,-7729,-4375,-5342,-7576,-6574,0
236,236,-4707,-8225,-3797,-6180,-6369,-5984,-6658,-4777,-6338,-7238,-5564,-5603,-5653,-7151,-4759,-6899,-6050,-5080,-6936,-5810,-4836,-7197,-6111,0
237,237,-1649,-958,718,-2752,-2095,1168,668,-3095,-316,-2537,-65,-734,-2379,42,-2514,445,-1182,-581,-1862,658,-1922,-1641,-2373,0
238,238,-1252,-7779,3535,-1173,-5299,819,-433,-8665,5316,-4112,353,-6055,-3777,-1296,5899,-1782,-9011,1011,-4365,2782,-2893,-2067,-6355,1
239,239,-15030,-16476,-9195,-14848,-13510,-10299,-14485,-14399,-11643,-11589,-8103,-21456,-10306,-18276,-9980,-10884,-13301,-9114,-17928,-10737,-11978,-15643,-12708,0
240,240,-2510,2360,-1199,-249,-869,-287,542,142,-2487,-1226,1324,30,-1080,-1269,56,864,-828,-573,-1460,1048,-1313,-138,-430,0
241,241,3086,-2381,5921,-241,554,1695,-217,3659,3049,-60,793,2261,1303,-2940,2674,1190,4725,654,1459,1822,4760,-2873,1761,0
242,242,-3920,-1826,1776,-2970,-6328,3335,-1130,-3461,-508,-4306,3164,-6766,-4,-1710,-1324,-946,185,-2241,-1584,-3199,-1492,-2752,-1547,0
243,243,-1650,-3193,-3470,-3184,28,-636,-7145,-247,-1897,-3388,1265,-4395,-4612,-4627,-1769,-2916,-2625,-1749,-365,-4405,-1140,-4395,-1688,0
244,244,12137,13527,5375,11044,10762,9565,10988,9692,9091,10413,11439,7353,11425,9129,12054,8713,10879,11307,4194,12484,12950,9694,8402,0
245,245,-5599,-1650,-2310,-9484,-3705,-3171,-4177,-7986,-2570,-5733,-3441,-3620,-4770,-3380,-8110,-947,-6403,-4293,-2217,-7855,-5258,-1209,-4685,0
246,246,2184,-2508,2300,-630,-1132,-831,-171,-1892,799,-1520,767,-622,-2128,-3061,652,736,-1646,1677,-2409,484,-1536,22,-2046,0
247,247,-12751,-13582,-14327,-12923,-13601,-12673,-13550,-13355,-15234,-13455,-13961,-12709,-12577,-12642,-14584,-14609,-11860,-15097,-13546,-13407,-14290,-14968,-11064,0
248,248,-8698,2587,-9384,-3763,-5019,-560,-5129,-5955,-2404,-3763,-7213,-4531,-1658,-8907,2324,-2933,-6957,1756,-6807,-4457,-2212,-8911,157,1
249,249,-1432,-4640,-3651,1489,-3800,-4891,-3211,-4582,4359,-712,-10982,3601,-7356,454,-5934,-245,-2833,-11473,8186,-8100,-6281,251,-933,1
250,250,-10121,-8695,-9072,-9394,-8881,-9236,-8165,-10145,-10373,-5879,-11568,-9168,-8859,-8468,-9850,-9409,-7574,-9694,-9831,-9000,-7936,-10538,-11006,0
251,251,-8516,-8021,-8306,-4913,-10597,-6155,-9434,-6555,-8242,-8353,-7279,-8534,-7079,-8841,-8160,-7786,-7754,-7136,-8393,-7430,-7880,-9488,-7936,0
252,252,-5865,-2134,-12851,307,-9619,-7030,-4292,-2422,-11740,-5853,-3071,-8158,-7634,-3781,-5522,-4981,-8900,-1786,-9667,-6369,-8468,-3119,-5485,0
253,253,4266,2518,-469,1893,-4651,9674,-1223,2478,1961,1964,-968,-770,3373,3976,1511,-4042,8495,-1759,3594,1149,-4050,6865,-1290,0
254,254,14559,-10497,11712,9403,-1767,6296,13014,-5671,3545,6929,9988,1940,5759,3501,11489,-6480,11344,5845,1407,5807,16026,-3978,-106,0
255,255,2590,-178,-4069,765,1917,-3196,-5848,701,-2139,169,-2920,-1462,-818,18,-9830,2721,-632,4815,-1948,-4658,3167,-1354,-3649,0
256,256,-1413,-883,107,-3776,2533,-2153,652,-2030,-1200,-1160,1069,-2131,1205,-700,-436,-2355,-1184,1840,-584,-494,-3039,-892,-183,0
257,257,-8241,9424,-9020,10325,6534,-10759,4662,15951,995,6251,96,15495,23546,19150,7461,15023,7221,5651,4963,-9010,1912,-6383,-18799,0
258,258,-2021,3515,5794,10208,9567,5934,7391,-5745,18572,6709,9592,7705,-3970,9419,8442,10024,2089,7991,12418,5703,12497,-5029,16289,1
259,259,-3749,10166,-133,-4761,8852,-1777,-4089,16321,-12859,5106,2072,-382,6628,997,-16472,7408,4571,4329,11299,-15449,12706,-1515,9802,1
260,260,3967,1049,-51,3596,2589,1917,2661,1779,2564,2240,2071,4192,-684,3276,2641,1292,86,4719,2567,579,3067,2229,2112,0
261,261,1074,-2445,-6838,7093,-4645,-1421,251,2556,-322,-2372,-8612,5916,-1970,-4225,-306,-44,-5971,-1316,1904,-115,-1224,-1278,-7240,1
262,262,1559,293,1198,-5597,2910,-2119,1785,-49,-688,708,-2331,1242,-2340,-1763,184,-578,1173,-525,-1429,1378,-1108,-792,382,0
263,263,-1938,1642,-2038,-1053,-20,-1203,-31,-509,-769,-1497,-491,1662,-2691,-1114,-558,-1291,-249,589,-2376,117,-267,-1195,-149,0
264,264,-9432,-10073,-9451,-4643,-10563,-12357,-9520,-8697,-8629,-8487,-5856,-11220,-9829,-12270,-8458,-8096,-9538,-6378,-10261,-11219,-7779,-10916,-6669,0
265,265,-3388,-5026,6148,-10286,8705,-10265,4045,-20079,25050,-7949,-6033,8437,-2198,-5219,19158,-27036,10068,-7343,2930,-2834,-20037,23871,-26188,1
266,266,12756,19701,14682,-6206,4561,11355,13013,17259,298,11682,17755,7938,3511,12562,11068,8291,7064,10193,10431,12502,9779,5144,14083,1
267,267,54,-2345,385,-2696,1352,-1503,173,-1340,-997,316,-3828,163,1239,536,-2467,-2288,2868,-1485,-263,-1508,-2324,1882,-1586,0
268,268,-5095,747,-1677,-6590,-3487,-1228,-1978,-6856,-1770,-4092,-2663,-1497,-2982,-1897,-5963,-277,-4872,-3959,703,-5454,-3747,-300,-3236,0
269,269,-3733,-1820,-1911,-1797,-4497,-3065,-804,-644,-8020,2518,-5032,-3565,1201,-2968,-1112,-2022,-6053,-2948,-5814,-727,-1647,-6019,-1281,1
270,270,-1157,-412,-2063,2764,-2414,-709,-1077,13,-2085,918,-818,-922,-1013,-634,-561,-1648,502,-490,-1613,-239,-421,-667,-1369,0
271,271,-1515,-1748,-682,-696,3384,1159,-2875,-441,3297,-2611,2823,1626,820,-2848,-750,525,2820,4853,-4535,236,-2530,4664,3700,1
272,272,-2821,1592,4857,451,1922,-299,1536,1809,-196,221,3628,995,3988,-1331,2579,2357,1969,151,114,1671,1505,5086,-493,0
273,273,-438,-2927,-3179,-1504,-1785,-2136,96,-2499,-252,-2731,-2155,1547,-3773,-1505,-2410,-2095,-142,-2317,-744,-3284,-221,-956,-3076,0
274,274,2442,-3977,-1531,-1765,-328,2781,-1292,-3069,-3651,-120,694,-2748,534,1705,-1713,-907,-2979,-1507,732,-184,-1193,10,-3741,0
275,275,-12605,-7138,-8784,-9742,-9254,-8094,-11357,-7671,-10467,-7560,-9817,-7525,-10414,-10203,-10449,-3764,-13775,-8378,-8823,-10298,-6975,-12204,-8818,0
276,276,-587,-7017,4422,-5656,-822,292,-1750,-3863,3229,-5522,2173,-1909,-482,-4720,-1980,-822,615,-2186,-2033,-1969,-1976,1366,-2628,0
277,277,-6070,-1427,4018,346,-3641,4237,-7881,5741,-3670,-3970,-2083,1128,-4611,335,-2522,-7483,1026,532,-5782,11900,-8030,-1963,-19717,1
278,278,4762,-2827,611,4698,1497,-2850,7199,-1189,1009,-2,1974,1247,5082,-2321,2106,4778,484,4656,-2663,1536,2422,1854,807,0
279,279,-4717,-11707,-10388,-7573,-9595,-9497,-10434,-6301,-11029,-8173,-8262,-8134,-8823,-8718,-9914,-10005,-6175,-11855,-9307,-8132,-9574,-12467,-8156,0
280,280,-8637,-6432,-353,-13647,-9785,-884,-7464,-7527,-5539,-1481,-10875,-5729,-12262,-1227,-6960,-6046,-9750,-9752,-5295,-1972,-7943,-8275,-6267,0
281,281,1855,-1752,1017,-1777,-459,-2061,2506,-1671,-3251,-2397,5865,-4953,3255,-6936,3742,-1670,-974,939,-2182,1224,-5337,2811,-1116,0
282,282,-1150,577,-6156,-98,1950,-5753,354,962,-5157,-708,-2343,-935,-1347,-3302,332,-1355,-4155,201,389,-5311,426,-396,-2454,0
283,283,336,40,-2141,-733,-674,199,-757,-2356,711,-781,-177,-1438,-318,-798,580,-485,-1027,-2777,126,-2044,293,1890,-1921,0
284,284,5053,2139,6041,3242,4265,4191,3922,4547,3554,3473,4152,4069,4644,3252,5015,3834,3843,4362,3595,4454,4506,3318,4404,0
285,285,16930,-870,11831,-1314,3745,12810,11077,5583,15445,-3466,19774,5816,8543,5374,5004,13929,14483,-8814,22962,-5889,14371,6854,4826,1
286,286,1068,663,822,178,71,1256,-984,1405,557,517,417,-63,1599,-126,1435,-502,758,1430,-481,967,-630,996,508,0
287,287,2068,5293,-3085,-5532,-1794,3545,1044,-5093,-1200,2090,-2916,-4596,1288,-5766,6525,-4995,2736,3576,-1379,-1965,-847,-554,510,1
288,288,311,9983,-10625,4184,1188,-2069,4518,2401,1476,275,1024,-112,5229,-7999,6460,2647,-3757,9304,-8796,3710,2537,3704,8253,0
289,289,-2535,-4508,-2811,-2985,-742,-5191,-511,-1938,-4887,-1449,-5805,228,-7758,3550,-6910,-3819,-1896,-1264,-1108,-3383,-7543,-1284,-51,0
290,290,7851,2562,15342,-14424,23034,-1349,26653,-3973,5747,8734,5675,6009,9867,-2202,11301,7941,2603,8479,2970,10350,13210,4913,-782,1
291,291,-6027,4436,-3641,-3829,3983,1496,-7698,2450,-6269,1412,-90,499,-4600,-424,-3000,5498,-6621,-2444,-570,5839,-8524,6856,-22280,1
292,292,-7231,-10342,-10770,-9995,-11166,-6655,-8565,-14320,-8232,-6149,-10923,-11506,-10012,-11073,-10476,-6864,-13225,-7089,-6853,-14785,-6668,-10929,-8528,1
293,293,5585,-4307,13585,532,-3753,-2874,7903,4745,2669,-1464,1098,2930,1849,-5443,3800,2920,-2198,-1478,3897,7212,-3390,3302,-7919,1
294,294,-2953,702,-3103,-2395,-815,-1964,-801,-1721,-1611,-2546,-1372,810,-3797,-1992,-1530,-2614,-999,-412,-3246,-426,-1774,-2154,-618,0
295,295,-5063,-3351,-911,17,-1410,-1804,-2487,-2488,1168,-4312,-546,-5653,-3939,-6258,4885,-7342,-1264,-1736,-1955,-1688,-1423,-5399,-179,1
296,296,559,13633,621,4359,5882,2889,3860,8424,3487,5340,7492,4165,1220,5459,7454,717,4629,8770,3575,2773,3869,11694,1963,0
297,297,-883,-460,-2918,-4148,-2622,5395,-11856,8668,-1800,-2281,-220,866,-5452,-528,-5088,-337,-4422,193,6532,-4811,782,-2998,-8715,0
298,298,-1289,-1746,1428,-8733,142,-3034,-2264,-804,-4809,-3190,-2808,-1955,-2681,-3677,-2191,-3968,-1286,-3743,-378,-4678,2227,-7710,-2244,0
299,299,-2171,6054,-3605,7280,2191,899,3063,2883,1566,5333,-3171,2568,4640,2538,2099,352,-1,8122,3308,2508,-2310,1710,3438,0
300,300,-1914,3025,-4671,-1462,485,1244,-2923,82,-155,-540,-1865,-327,26,-1772,-96,-636,-468,-1921,957,392,-1402,-3726,2478,0
301,301,-984,-1186,-3465,-926,-248,-3656,-364,-752,-2763,141,-2514,-1007,-2360,-2746,246,-860,-3580,-639,-4,-3977,436,-1098,-2036,0
302,302,-3251,-973,1952,-1771,-345,-179,-1924,1306,-1287,475,-1449,1164,1285,-3509,-158,372,367,-1091,-418,-316,225,1365,-2010,0
303,303,-6870,1220,-862,48,-5774,1860,1025,721,-4294,-1779,-3264,-1661,1643,-2036,-4143,-18,-1377,-2217,-1222,848,30,-5147,2101,0
304,304,180,2416,-458,577,549,-131,829,1928,637,-1289,1726,2574,-2246,1013,2334,-1945,844,1969,173,-609,2612,425,-573,0
305,305,-3785,-706,-1454,-5125,-3886,-1307,-1562,-2635,-3396,-1457,-7157,1980,-4614,-2891,-5211,1148,-3957,-3264,-2094,-1488,-1637,-5812,105,0
306,306,2108,-2841,1938,686,-284,17,150,1119,-82,-2086,1312,5579,-2100,-1184,-1870,1962,2414,-314,-311,1145,-1400,1978,-2127,0
307,307,-5297,-10685,-11416,-5797,-12076,-2185,-3038,-14188,7689,-16069,-10977,4453,-21764,1381,-790,-18650,2838,-4083,-17251,2734,-7154,-19267,2940,0
308,308,-2357,-1487,1241,-2556,780,-2359,-2054,328,-2498,-882,368,-2140,-421,-776,-4617,3687,-1248,-917,3526,-3495,-5777,2842,-1142,1
309,309,-11583,-14473,-14751,-11441,-14818,-13622,-14005,-14050,-12663,-13915,-15655,-12820,-12782,-14539,-13399,-12350,-14099,-11806,-15435,-14646,-12963,-13524,-12429,0
310,310,-1106,-2392,-789,-3238,-620,1252,-3456,-3376,290,-721,-2635,-1543,-407,-2816,89,-2128,-1056,-2613,-1945,-1882,-397,-481,-613,1
311,311,4218,4076,-5698,3026,-1593,1154,5172,3064,-2455,225,244,2238,3276,3595,-5238,1316,4652,-3526,2870,-1377,2080,7480,-5969,0
312,312,-3119,-1447,-2149,-4307,-5127,-1553,-1342,-3595,-3443,-4262,-3235,12,-3706,-5457,-2406,-1725,-4913,-304,-5763,-1714,-4156,-2203,-2745,0
313,313,-3580,-14277,-6513,2719,-11584,-3719,-1476,-8643,-11107,-2688,-9429,-2778,-13276,-3223,-8130,-9425,-3980,-8946,-596,-7042,-8795,-7323,-4773,1
314,314,561,-1287,5485,-5975,-511,-938,144,1746,-4828,-467,2213,-1465,-1900,-8,1417,-2953,-1738,2100,-2311,2016,-2615,-1026,184,0
315,315,2867,-6822,68,6027,-5072,252,4266,-1279,-3261,989,-6421,4961,-7443,1368,-2348,-2569,2901,-4875,3863,-326,-2136,-898,-219,1
316,316,8885,12468,1865,496,4160,11574,1809,4046,4118,9806,1980,6,8159,-1139,11474,3542,4526,10253,3341,4065,7080,4142,8578,1
317,317,2246,-311,-10198,-12,-12394,10386,-2118,-8338,5235,-12155,73,-4992,-3328,-9,-9127,-1518,-4790,9361,-10882,-2594,380,-3727,4812,0
318,318,2393,1218,905,2450,2531,-1608,1991,5475,527,4646,693,-138,3024,816,2732,3500,142,2781,1728,2729,1839,4230,-166,0
319,319,2714,2723,-2355,-9631,-1498,4054,-9030,-4231,-4641,4392,-9218,-3592,-1545,-10139,3955,-1959,-10100,7941,-10647,-851,973,-4143,1272,1
320,320,-9700,-7838,-5778,-12662,-4014,-11962,-7667,-8184,-10271,-4361,-11251,-11692,-6805,-9463,-8038,-9359,-6877,-5510,-11546,-9800,-5904,-6652,-12675,1
321,321,-11228,-5083,-8595,-9767,-7677,-7853,-7348,-6457,-10187,-6506,-7567,-8481,-7669,-9886,-6311,-9911,-7026,-6792,-9802,-5229,-6063,-11125,-5988,1
322,322,-5259,-7860,-7891,-2926,-3456,-7995,-14342,-3590,-7309,-6908,-6982,-6659,-6963,-5982,-15533,-2654,-6229,-2439,-5753,-10285,-2072,-6421,-9479,0
323,323,781,-1971,-2227,-1434,301,-2286,1399,-4916,700,-685,-1695,-1144,-556,-437,1007,255,-707,-2119,-1267,-2187,-2007,649,-181,0
324,324,2602,4178,-1174,-2070,2039,-1265,555,836,1414,-3387,2322,-1238,3206,-1949,1849,987,-492,-827,2752,-708,-3173,7862,-1274,0
325,325,-2398,15410,-16004,-8033,1482,-26140,-4388,-6456,-6532,-5068,7954,11515,3419,-2850,-21531,-9250,-3873,-4281,4381,-14933,-20429,7920,-23027,0
326,326,-3363,5621,-4220,4994,6287,-3647,3201,688,2729,2580,-3227,3730,281,3730,-3328,2131,-943,3113,5575,-2173,1781,3113,-3650,0
327,327,-6328,-1250,649,-5051,2470,-7440,-3876,-2556,-7352,-2510,1126,-5535,-897,-4119,-4382,-848,-2073,-5294,475,-6001,-3530,-1377,-3490,0
328,328,-3493,1557,-4592,-3717,-3778,-1746,-2861,-1998,-2570,-3387,-4881,-2365,-3040,-1997,-5109,-1831,-1633,-2372,-6201,-2838,-1166,-5067,129,0
329,329,3102,-144,-2226,3435,1515,714,1784,1117,1646,755,1532,3354,-3001,2672,1414,1389,-2815,5026,1512,-482,1713,1162,742,0
330,330,-13954,-13046,-14431,-13509,-12200,-14637,-12259,-15219,-12829,-12436,-13831,-15469,-11975,-12414,-14478,-13112,-13994,-12736,-15110,-14968,-10617,-15425,-13694,0
331,331,-2905,-5917,-4024,-3377,-6060,-5831,-3765,-5894,-7127,-4511,-971,-3485,-10078,-1118,-7201,-7349,-8289,-333,-5386,-2922,-6112,-5825,-3293,0
332,332,-1431,-393,1599,-3615,-5032,3805,-2270,1151,-1216,-892,-2130,-938,1023,-6117,291,1961,-1486,-1598,-1672,-1105,1256,-4532,496,0
333,333,-14259,-13356,-13761,-13211,-13730,-13327,-12780,-13461,-14231,-13577,-12627,-14309,-14952,-12332,-12820,-12625,-12828,-15169,-13903,-13820,-12827,-13304,-14355,0
334,334,3234,-14731,2170,-1647,-5526,-2345,2327,-8174,-6271,-1014,968,-5401,-2194,-4436,1136,-10284,2450,-3116,-5572,-2517,3795,-8176,-6253,0
335,335,4192,4407,1605,4971,8571,3937,1312,3899,6470,-1976,7109,4809,5072,920,5564,3563,5634,5386,4192,1513,4989,5065,3864,0
336,336,2497,2608,2550,2491,3297,2297,2571,3500,1364,3426,1993,3528,2440,1933,2516,3247,2410,3350,1835,2116,2342,3510,3593,0
337,337,-4539,-1138,-3605,-2527,-2430,-3428,-3418,-1790,-3493,-2687,-3354,-1635,-2984,-4146,-3404,-1400,-3649,-1382,-4517,-3035,-3852,-1142,-2824,0
338,338,3016,2377,3720,4663,6544,3852,2544,4091,6385,2724,4956,7478,4684,2058,3204,5756,5951,7374,531,6616,61,7863,8543,1
339,339,322,-640,2490,2310,-1400,3572,-2663,1145,3321,2829,-212,1332,-457,622,390,-688,3569,-816,-491,3167,1112,8,972,0
340,340,-2625,-3394,118,-8236,-1604,-3149,-2849,-3829,9,-3987,-5429,-4767,-2603,-4406,-2477,-1413,-3900,-1418,-5025,-4020,-2586,-3613,-2574,0
341,341,-5571,-3584,-1134,-1988,-6433,-4125,-3063,-2848,-2759,-3896,1750,-6886,-3298,-6246,-998,-5578,-3498,-88,-4987,-5033,-1768,-3753,-3084,0
342,342,9472,14187,6984,11764,12113,5604,10182,11311,6492,11661,9102,8976,13258,6298,11549,8529,10127,12160,7844,10845,8841,10794,7779,0
343,343,-2472,901,-1538,3593,-3175,-3260,153,-9,-1281,-266,853,-3470,-86,-133,154,-3527,1177,-871,-2351,-298,-65,-260,-3312,0
344,344,7039,7220,9051,5204,10582,711,4004,9858,6574,8231,3157,8361,9986,6236,-345,10435,6499,12020,2000,8791,7729,5816,-2989,1
345,345,973,6010,-4770,2542,7526,-3769,3198,1797,4651,-150,442,3112,-3930,334,-1703,2867,-971,1836,2166,2254,826,-3084,4942,1
346,346,-7244,-10399,-9776,-8045,-7999,-11538,-9524,-6693,-8809,-9542,-8602,-8919,-9575,-8389,-8260,-8117,-8878,-12593,-10174,-7154,-9116,-6706,-9941,0
347,347,194,2953,846,1038,-2812,-2276,3796,947,-617,1993,-1638,-2271,3042,2152,-277,1341,655,-1761,-525,1964,1556,651,855,0
348,348,2286,-1638,9169,1252,-354,6152,1120,2770,1088,-2523,-2461,3776,644,-73,3333,-277,4215,-507,2908,-2221,4698,19,5170,0
349,349,-3981,1494,11,1057,-6283,3902,3351,393,-1198,-738,-1767,-110,1252,403,-1545,820,-2516,1235,-518,2868,-98,-1570,308,0
350,350,-1108,1963,-4798,2352,1276,-2910,-74,-2530,-2154,707,1519,-1895,-3494,2249,-4371,2958,-1392,-3030,-175,-919,1829,-1355,-1242,0
351,351,3939,5972,2136,6310,2735,4861,5336,2684,6187,2927,5581,4248,3583,4614,3439,3541,5300,5551,1608,5966,3729,5978,5445,0
352,352,-26,-910,2607,2554,2189,2647,-1595,2902,913,67,4746,-109,3444,-1010,239,2609,387,3056,1865,3414,-2570,4016,-1813,1
353,353,-3792,11987,2019,4622,3655,6976,3560,4755,8003,10164,3490,-3739,8236,5189,7686,7090,-3521,5518,6144,7588,8108,10851,-10809,1
354,354,-6755,1694,-1294,-5957,-1536,2405,-10073,-1717,-3670,306,-5526,-2669,-2657,-2029,-6266,2222,-4902,-12,-325,-8377,2968,-5915,-2042,1
355,355,-2524,1999,-2544,-828,52,-1382,-860,-403,-669,-1306,-1044,1251,-2227,-2066,-331,-675,-605,538,-2319,-797,-1015,26,-612,0
356,356,-1753,-4984,-4346,1340,-2035,-3316,-512,-3256,-2887,-1485,-1412,-3901,-439,-3488,-2482,-5110,-264,21,1956,-3817,-7684,697,-2354,0
357,357,-6632,-5573,-6942,-3190,-8465,-5181,-7044,-5852,-5695,-6662,-5793,-6747,-5149,-7936,-4946,-6880,-6196,-4397,-7783,-5226,-6598,-7042,-6264,0
358,358,-6592,-4601,-6658,-6944,-7449,-5528,-6246,-6621,-6872,-6140,-7346,-6590,-6749,-5971,-7321,-7400,-4985,-6259,-7500,-6606,-5109,-8110,-4431,0
359,359,-8172,-7535,-3976,-7790,-6543,-7507,-7778,-7878,-5599,-5707,-6845,-6167,-7621,-12212,-9177,-3664,-2998,-5769,-5804,-8107,-7292,-8140,-5232,0
360,360,-14564,-17084,-11307,-13983,-15731,-11701,-11605,-13836,-12338,-11115,-13018,-15003,-12663,-7680,-19163,-12218,-12571,-14169,-11373,-15500,-12543,-12402,-10539,0
361,361,290,421,2613,-1579,1142,-839,1234,600,-485,561,531,1563,-840,796,-719,1634,-725,2450,-1233,-161,1181,-1647,3007,0
362,362,491,5773,5489,411,2258,-625,6174,334,333,4653,4954,895,751,3921,74,6141,1241,2925,9215,-4254,2830,4208,2068,0
363,363,-2713,-3529,-8938,-6367,-2023,-7416,-7672,-6021,-5750,-5242,-6467,-6113,-5608,-4340,-14371,-1279,-6169,83,-6069,-8277,-3206,-5694,-7753,0
364,364,3618,4491,-639,3965,5381,-377,4833,4320,511,2834,2263,3612,3388,933,4691,2859,1491,4117,4426,116,4241,3914,2765,0
365,365,-487,4115,1854,1783,-960,2579,4515,5456,-3006,-713,5316,1037,489,471,3499,1213,1620,2732,1010,2657,4044,-221,3568,1
366,366,-2844,3551,792,-2721,-2993,2037,-3968,1010,147,-1247,-677,-3004,2237,-1557,-2958,1867,-3696,-1454,2778,-1870,-1090,-402,-1788,1
367,367,-10431,2757,1581,-1814,-7613,2434,3134,-1141,-4146,-1989,-2105,-1994,-3642,655,-2593,-3119,-1220,-442,-1790,-281,-1217,-3593,25,0
368,368,-2530,-3503,-7062,-5028,-8606,-3015,-4823,-4100,-4469,-4449,-6848,-4302,-5827,-3927,-6469,-4659,-2282,-7100,-5766,-5238,-5289,-3045,-4529,0
369,369,1588,-237,1708,1104,2032,827,3144,784,-1051,2074,1994,378,3367,2545,434,-2064,4618,556,2113,3283,-356,1618,841,0
370,370,-973,1592,-4434,182,-2311,-1322,200,-557,-4475,22,-2649,-1338,-1928,1382,-3458,-1865,-1504,-651,-2775,-520,-803,-2553,1410,0
371,371,-10534,3895,-3047,-7328,5777,-1787,-6052,5188,3058,-906,-6907,15904,-5901,-2154,-9292,7543,2165,2028,-6798,-2001,4777,-11401,13793,1
372,372,-1858,13827,2083,-9662,7055,1778,6469,1307,5020,2927,-5719,3716,1778,5354,1939,2836,2363,4007,3014,4021,-7593,12001,-1035,1
373,373,7131,4625,3156,8570,6490,5403,-1211,7046,5361,5289,3470,5248,4424,6568,-4528,9014,6159,9476,4993,2201,10303,4097,2287,0
374,374,1438,-2472,-270,-2036,-2181,127,2301,-1157,4074,-3445,-711,389,-6323,4353,2455,-3623,-427,3742,-1338,-1705,123,-2763,153,0
375,375,1250,-1753,890,-5359,2055,1523,-700,-1647,-1715,2247,-2785,-1196,224,-3128,1967,1407,-3731,-1183,543,704,-3240,-2125,5310,0
376,376,-9107,-2141,-8153,-7662,-6943,-6909,-6336,-6087,-6957,-7292,-6585,-4752,-8718,-8601,-4475,-8402,-7828,-3610,-8876,-6544,-7407,-4053,-7610,0
377,377,166,3333,-1150,5083,-1847,1381,2278,3079,3185,-1544,1168,1557,2876,4178,-490,3001,1396,-4412,7644,729,-2133,4750,2051,0
378,378,-4426,-2464,-1741,2214,1141,-4290,-6591,2962,58,-3983,-2180,3628,2686,-6017,-1112,-3178,3418,3956,-15053,6127,-10220,3111,4385,1
379,379,10012,10041,-5502,11328,-5424,18344,3064,-939,18898,-10506,10005,4656,2426,11008,-3141,3190,6491,10729,1890,5394,12292,918,14705,0
380,380,-9019,-9345,-8659,-9421,-10650,-7735,-9080,-10205,-10422,-8722,-8924,-7615,-10602,-9244,-9868,-9040,-9333,-8821,-9485,-10441,-7974,-9128,-10145,0
381,381,-2418,219,467,1634,-239,-966,-2037,1295,-1554,116,-1143,-600,4560,-3310,-2477,-63,958,5531,-3771,2794,-5273,3499,1420,1
382,382,2370,5666,1292,7880,5422,1832,10951,-154,6460,269,4467,4998,2296,111,13990,-6932,7753,1040,5764,4601,1847,6906,644,1
383,383,-14395,-12476,-12197,-13789,-10385,-13707,-8448,-12956,-13107,-11611,-10541,-13035,-9535,-12393,-12093,-11634,-11408,-11895,-12682,-10711,-9839,-14447,-12845,1
384,384,-245,-927,-3139,2352,-2779,-1222,-1945,384,-1821,-1520,445,-2712,-1012,0,-1588,-1431,-1767,-123,-862,-1669,-538,-2353,-1001,0
385,385,-3802,-3904,-3794,-2297,81,-4665,-2672,-4374,-972,-3593,-2566,328,-2072,-4891,-4097,-1477,-1499,-224,-7409,-596,-6248,192,-771,1
386,386,-4125,-4114,3945,-335,790,-343,-2115,-3298,-461,3950,-682,-1895,-461,-4944,4170,-1414,-68,1530,-3794,2846,-1363,-2145,722,0
387,387,-3235,2893,1139,-201,-5380,1603,453,-703,-1689,-513,139,-562,-99,-3666,-313,1489,-1291,-1434,-788,-553,1088,-2507,827,0
388,388,449,10407,620,-31075,12150,-2562,14946,8753,-1971,-1283,3969,-763,-2075,-3416,3370,-78,-1616,5911,-3629,7812,-1719,-282,-2704,1
389,389,-4044,-5475,110,-6939,-1858,-319,-3549,-4402,1326,-4335,-995,-5315,-4594,810,-7010,407,-4918,-1660,-269,-4290,-2619,-2251,-1813,0
390,390,7926,7668,2431,7522,5494,4166,2596,5052,3925,4206,5549,4785,6103,4449,-2528,7011,6769,10279,3916,2187,9395,5373,2739,0
391,391,3071,-2381,1059,-631,2275,-1961,475,1898,-1090,-1406,-433,2979,-637,-679,370,734,-1925,1775,-604,797,2127,-2327,-278,0
392,392,3364,1680,1421,580,951,3298,-143,1569,1581,755,2584,2193,1147,789,1320,2433,1681,-292,1983,-192,122,3238,3436,0
393,393,-1407,-1943,-860,-3365,-2292,-4480,1238,-3235,-4814,-4257,3768,-7168,869,-8791,2440,-3371,-1654,-2376,-2664,-3243,-5706,821,-2348,0
394,394,6144,-7406,-21774,6869,-14877,12503,12662,-28887,43820,-24837,-17887,36507,-41417,18724,12165,-31452,25392,5063,-28986,21462,3297,-34700,22621,0
395,395,6240,11925,6148,14289,9732,7908,11577,11468,6747,11813,7518,8486,13528,8644,9821,7366,9555,13946,11377,10488,3644,12103,8962,0
396,396,-10176,3674,-5812,-2050,-4790,-1001,-4242,-4962,-1133,1051,-2826,-11469,625,-1741,-1493,577,-11186,-3161,-842,-1062,41,2041,-16904,1
397,397,-7104,-10906,-9038,-9221,-10408,-8116,-9830,-7907,-9238,-9024,-11384,-7896,-9391,-8052,-10149,-9304,-6557,-11237,-11822,-5740,-10204,-12106,-7562,0
398,398,-4909,942,-4599,-3852,-803,-6120,-3492,-47,-3314,-4937,-209,-1874,-6880,-1423,-2121,-6431,-1595,-1878,-3233,-5781,-1163,-1309,-4324,0
399,399,6239,4541,-3935,18599,9718,408,15253,3484,7593,7493,577,10468,24220,-7617,12605,2924,18840,-24468,42648,-4739,10892,9445,18295,1
400,400,-2751,-845,-6071,-987,-4228,-2705,-190,-3618,-7016,-2249,202,-5083,-1426,-6939,849,-6071,-3350,409,-5640,-3553,1149,-4630,-1873,1
401,401,683,-4865,-1519,836,2080,-3098,-600,-2676,-59,295,-3793,-719,1763,-2892,689,-1371,1271,-6001,675,-88,-2344,-486,813,0
402,402,-3640,134,-2441,-1336,-2145,-1560,-767,-4050,-359,-4693,13,-1818,-1860,-1873,-1436,-1702,-2705,-1122,-2814,-1363,-1342,-2033,-2072,0
403,403,-2615,-984,-736,739,731,-2719,-1485,1871,-1717,-1738,209,-2132,588,1660,-2503,-1851,-248,-2270,645,1233,-1908,-270,-2405,0
404,404,-773,6934,-11728,1010,2334,-992,2724,2273,-9850,11873,-1361,-4169,4719,700,2417,543,4790,11449,-5272,-5787,-2686,-1387,7885,1
405,405,-11119,-2469,-5497,-10835,-7217,-1064,-13725,-6361,-7425,-4881,-9903,-5367,-8310,-7652,-9679,-4142,-8848,-4753,-4117,-10396,-4992,-10346,-7137,1
406,406,-1649,-12013,-2790,3847,9205,2752,-6087,5610,-4439,4031,-7191,6838,8645,-3849,-2120,-9078,12659,18219,-19395,3682,-10376,6778,153,1
407,407,-1908,-2820,-4278,-6108,937,-2347,-1850,-8521,3643,-5606,-3855,338,-6653,619,-4820,-2327,-3883,-3859,-1936,-5920,-1702,49,-5882,0
408,408,-3384,-2774,-1155,-1550,3353,-1886,-2352,-3212,4898,-4322,378,2045,-1163,-4575,-2287,-461,2157,4373,-5140,-1665,-5129,4538,1515,1
409,409,2547,-353,-348,1774,3182,-619,-1535,2019,1447,-12,1546,3602,-2391,432,2339,5290,-4809,3677,3067,-3597,3850,1388,-2340,0
410,410,-5229,-4280,340,-5865,-2436,-3132,-4083,-3015,-3217,-1998,-1591,-2153,-2514,-7074,-7188,-566,459,-4771,-1179,-4433,-4817,-3025,-1038,0
411,411,-4896,-4764,-6687,-3853,-4541,-5945,-4557,-5403,-4563,-5056,-5207,-4763,-4860,-6942,-3675,-3727,-7349,-4057,-4962,-4917,-5407,-3834,-5900,0
412,412,-1397,-9955,1269,2906,-9290,-5654,1156,-5686,-3266,-4148,1870,864,-9500,-1732,-6923,-2087,-1929,-712,-5719,-1669,-4487,-3402,-3818,1
413,413,-496,-1020,350,-3491,101,-1177,134,-913,-570,-582,-3234,1470,171,-3250,-1488,1849,-1993,-2346,-1030,1770,-2347,-2254,1877,0
414,414,8866,13324,8282,11723,6780,16572,4285,13539,12399,7649,9029,9826,7682,14147,6298,17405,12868,8469,3172,6229,14985,6947,10676,0
415,415,-917,-1990,-2997,-2157,-1085,-2682,-1021,-352,-2151,-746,-3118,-948,-3380,-3465,756,-1315,-4283,-1056,-119,-2881,-772,-352,-3207,0
416,416,4849,315,3699,1607,3676,1301,2381,3752,1530,517,2308,4609,2037,1080,2912,2575,799,3721,1553,3223,4062,110,1863,0
417,417,-4037,-6097,-268,-8680,4294,-9290,-729,-2474,-10675,534,767,-3356,-5579,-7329,-1778,2567,-10399,-807,3219,-4300,-7568,-3840,-4369,0
418,418,-2699,2720,1238,-2174,526,2457,2651,4835,-3140,-1675,4860,-468,6137,-4276,2404,4113,-173,1631,-1813,2423,4952,-3753,1041,0
419,419,-10964,-8016,-8655,-11596,-7437,-9278,-11088,-8419,-7977,-8996,-10221,-8780,-9904,-10349,-7039,-9382,-10875,-9523,-9492,-8961,-8875,-8551,-9263,0
420,420,11568,12117,6677,10324,9538,7189,12804,11145,8524,9943,6113,13965,9130,10462,6145,12601,9104,7897,11242,9387,9951,7804,11292,0
421,421,-1737,-2894,-4632,-163,-4814,-1667,-3851,-3449,-2575,-1910,-2365,-4473,-2672,-2574,-3574,-3424,-1197,-2910,-2660,-3312,-3113,-4274,-2540,0
422,422,-3309,-4314,-3825,-1241,-2600,-3864,-2244,-7539,-238,-4846,-3394,-1262,-3503,-6010,-950,-5178,-1792,-2561,-5071,-4040,-3074,-283,-3010,0
423,423,1407,3180,1139,-199,2114,3203,1496,-47,2112,1463,778,2334,1667,270,2806,2341,1723,735,1415,2029,-316,1615,2144,0
424,424,-12101,-3850,7140,-4277,-1344,5274,-1715,-7589,-384,-1704,-6822,3079,672,-3558,1140,-5599,-1234,-2652,3998,-6873,-3797,-572,2136,1
425,425,3722,1911,29,4571,3176,-6775,-353,8545,-1828,-1285,1800,358,5594,-4998,4897,2997,-2603,3666,-1695,3232,-356,2025,-1924,0
426,426,544,-5458,-3265,2407,-2220,-6046,5482,-5970,-1727,-1919,-2350,-607,1938,-4909,-1399,1918,-2639,1134,-5334,-1110,-556,-1028,-2846,0
427,427,-838,-1799,-3089,1496,-2863,-1669,-2842,-365,-1637,-1604,-580,-2982,-1132,-671,-2939,-927,-2290,-724,-1088,-2092,-1425,-2474,-491,0
428,428,-6207,-6726,-8321,-6814,-8412,-5722,-6792,-6962,-6845,-8124,-7625,-3548,-9610,-8065,-5332,-8569,-7278,-6375,-7486,-7310,-6749,-7504,-6664,0
429,429,-4337,52,-141,193,-1540,-464,-755,-3998,-996,2913,-3716,-855,-1559,731,-1270,-1790,-950,-216,-1029,-2626,-523,-472,-1396,0
430,430,-1960,-732,-2173,-1540,-1498,-1659,-1828,-1001,-2099,-1912,-1912,361,-2875,-2062,-1464,-1121,-1820,-90,-2932,-1807,-1458,-1058,-1015,0
431,431,-1469,3530,-257,5414,-4309,5759,3411,1305,-2806,4021,-1205,1801,2344,-683,1138,2327,1491,-1222,2233,4643,951,-449,2043,0
432,432,-3712,-6930,-6556,-3197,-2499,-7230,-5205,-2793,-5180,-4247,-8371,-3045,-6373,-3529,-4651,-3788,-7063,-5382,-4929,-5564,-4170,-5384,-3372,0
433,433,3854,2763,93,2627,-845,-3908,1024,4890,6192,-2308,-3900,-1411,2255,1494,2193,1017,2945,-337,720,-454,2503,-332,3394,0
434,434,1618,1411,3893,-5316,-3938,7584,-63,-3984,2340,-3861,6328,332,-3664,1245,-3479,-3892,5591,1817,6529,-794,-5822,-2569,8501,1
435,435,4077,4196,-1836,3269,831,1379,5913,2418,672,2698,-142,4829,1455,506,1720,4040,1861,1867,2406,-229,4370,1699,1247,0
436,436,-513,1063,-4971,583,2401,-5280,1319,1653,-4676,273,-1340,-610,-918,-1980,1139,-995,-2978,766,1078,-4028,966,163,-1343,0
437,437,458,-7860,6195,2752,-8420,-4603,3298,-7551,-1519,-323,2540,2756,-8711,-666,-5492,-94,-721,1341,-4474,-1516,-1798,-1697,-2918,1
438,438,-2044,-4660,-3396,-684,-5725,-2592,-4723,-1306,-3591,-3731,-2074,-4374,-4002,-5020,166,-4506,-4108,-4221,-2944,-2784,-2899,-3514,-3712,0
439,439,-2109,-5243,-2771,-2727,-3816,-3363,-2841,-2850,-6302,-1975,1074,-8378,-2561,-2487,-3727,497,-3718,-7293,-1641,-3608,-5145,-2778,-2009,0
440,440,-1660,214,1979,-2244,-781,-5826,2290,1335,-4987,1500,3682,-4004,-2171,-1750,-323,566,-1034,-2527,2994,-2700,-2152,3458,-2393,0
441,441,-883,-6654,-1230,-2955,-3285,-3584,-2951,-2215,-3849,-4724,-1766,2190,-5976,-3871,-5332,-1324,-1439,-3444,-3598,-2246,-5061,-1725,-4559,0
442,442,-2851,4522,8709,-15171,-9508,7948,-1531,-3688,-4684,-13933,18932,-4360,-12110,-3462,-2435,3127,5954,-22674,24955,-13306,-3483,-3183,9411,1
443,443,10072,9539,11362,7860,6399,6676,11720,13190,5250,6662,13536,10974,139,6754,4101,19631,-1785,19238,-1241,8833,11595,3718,10643,1
444,444,-2021,3198,-2916,-1577,-2145,-602,-1273,-789,-1999,-2256,-2315,-1028,-2125,-216,-2980,-1213,239,-1036,-3272,-2228,682,-3269,1063,0
445,445,353,1254,466,-1202,-1703,1202,1428,-643,-284,-964,-66,2547,-632,-2200,913,466,-1350,2646,-2735,1028,-924,400,1161,0
446,446,-7098,-4769,-3609,-9211,-5096,-4568,-6401,-5768,-7358,-3137,-5593,-8974,-3825,-4263,-12793,-2904,-3580,-8284,-7609,-2345,-3609,-8131,-10073,1
447,447,-3158,-2894,-4328,-2198,-5517,-3721,-3389,1949,-1877,-3404,-12054,-2625,215,-4568,-4207,-1066,-3552,-4250,-4060,-2605,-2523,-4562,-1277,0
448,448,2483,1714,-2287,2045,4670,-2043,343,1545,1059,54,-1122,3134,2499,-528,390,2436,1569,-1365,2449,2351,-1156,-887,3090,0
449,449,389,1323,-6447,4890,-5383,2128,-1738,2771,-44,-5019,-1114,-1497,1381,1641,-1521,-376,2943,-9777,-1808,4817,-478,-669,1004,0
450,450,-1508,2414,-1505,5733,8917,1744,-2468,9284,-6783,2190,5353,-134,1353,12165,-1802,-1150,5485,-474,6256,-3845,7770,1756,-4947,0
451,451,-2972,407,-1921,-1559,-1585,-1778,-400,48,-2727,-3361,1624,-4468,-45,-3056,1743,-3536,1310,-4053,-1292,-2031,1786,-3928,-2537,0
452,452,-5996,-500,-4481,-3306,-3780,-3693,-2293,-1707,-4201,-6126,930,-7744,-1958,-5055,132,-5770,17,-6933,-3489,-4177,176,-5888,-4621,0
453,453,-3812,-12131,-19926,-3699,-19881,-3253,742,-22543,13367,-19550,-19439,9214,-30601,-245,-1254,-21709,-909,-1493,-20558,-3789,-5726,-22897,-2066,0
454,454,-11680,-2726,-6726,-1870,-6560,-972,-8552,-5044,-8682,-1955,-2685,-6120,-7057,-6675,-4651,-4516,-7048,-6000,-4579,-3992,-6645,-5720,-6631,1
455,455,-8112,-5473,-7399,-4644,-4020,-7261,-1258,-12414,529,-10485,-3089,-7448,-6627,-4649,-4869,-6642,-3001,-6209,-8181,-3376,-3060,-9752,-4871,0
456,456,-11357,-11038,-8650,-11665,-11749,-12790,-11894,-9348,-15239,-6193,-12008,-10660,-9096,-7235,-19072,-9655,-6445,-24621,-12847,-2807,-4904,-8777,-5365,1
457,457,2163,480,-2149,675,823,-2343,1675,1646,-1238,1349,-4424,4458,-790,745,-2544,2055,-951,-1468,1238,485,-315,-2567,2498,0
458,458,8412,192,10445,7625,7650,13213,11787,-25,11660,12605,-2519,10524,6870,13271,-127,7634,13690,10326,9020,7818,490,6399,7609,1
459,459,-10655,-2614,-5279,-9741,-7177,-5636,-4967,-10550,-6374,-5545,-8094,-4928,-6004,-5962,-9236,-4465,-8771,-7223,-3427,-7368,-7407,-5565,-7272,0
460,460,-4973,-9292,-5667,-5662,-7048,-7737,-7258,-5099,-6925,-8372,-6287,-6303,-6931,-7557,-4916,-9207,-5799,-4782,-8321,-7551,-4119,-8070,-8034,0
461,461,-3630,2036,123,-6496,-1019,410,-1090,-5721,631,-4403,-443,-392,-1519,-856,-4996,1523,-3357,-2839,1851,-4215,-2495,1230,-1741,0
462,462,6584,-6493,3948,8295,2142,7647,6742,-8260,16402,-1969,7060,-912,-1039,5810,17184,4873,-6778,12763,-8788,17303,-4398,6153,144,1
463,463,-5554,-3539,1099,-5196,-759,704,-2065,-2992,3667,-4776,2894,-6834,-2889,2171,-6064,1706,-4437,-288,858,-3209,-1102,245,-1040,0
464,464,3924,4216,7836,5448,4402,3865,3885,3606,7867,5865,4141,6055,4851,-51,2516,8294,7800,3230,4752,4395,6781,2928,6525,0
465,465,-3904,-1030,2260,-3092,209,-3148,22,-1125,-1439,554,-1628,-486,-137,-3768,-1144,-745,1581,-2295,-1941,-1679,-459,2562,-1826,0
466,466,-6510,-6083,-6934,-4646,-10354,-5067,-5282,-10193,-5371,-6662,-5361,-8453,-7330,-5345,-6188,-6100,-7211,-9240,-4122,-6544,-4908,-8492,-6091,0
467,467,-4449,-7531,-6398,-3630,-3742,-10281,914,-8324,-7191,-5302,-5963,-4622,-7006,-3333,-6857,-7460,-3758,-5046,-3236,-8500,-8503,-1395,-6946,0
468,468,-9453,-9393,-8492,-8403,-11284,-9538,-7112,-10654,-9650,-8073,-9033,-6449,-13578,-6096,-9550,-10760,-10740,-6812,-9185,-10304,-8688,-7845,-11396,0
469,469,10666,-5030,6368,1789,-45,4291,1117,157,4260,710,2377,2247,1596,-244,2491,4462,610,450,7101,-2028,1010,3553,2630,0
470,470,-2961,-1591,1228,-6434,6527,-2355,1545,-527,-1247,2864,-4403,-3504,-413,-2323,208,-1259,743,1984,-3057,-1938,-1703,-263,-4143,1
471,471,5711,6301,5084,-488,6771,10459,4063,-1703,14052,4298,46,8005,1354,9860,8423,1719,3530,3734,8145,2822,3207,4524,7257,1
472,472,-3063,-2939,-4271,-2679,-2797,-1749,-3788,-4078,-1413,-3334,-3749,-3391,-3340,-1770,-2229,-3968,-2565,-3482,-2557,-3006,-3316,-3747,-1795,0
473,473,-11696,-7621,-10271,-14012,-8894,-12026,-11960,-3902,-17217,-11744,-8290,-9105,-17911,-15524,-15584,84,-19902,-519,-15029,-11705,-11648,-14972,-6866,1
474,474,4658,5949,2298,5727,3975,6473,5442,3563,5655,3678,4328,4900,2891,8084,5811,2409,6731,3300,3930,6695,5907,1400,8050,0
475,475,-1723,-1132,-4547,-1367,-60,-5414,20,-1763,-3770,-1534,-3023,-2021,-1341,-4023,-418,-2810,-2457,-2003,-935,-4192,-735,-845,-2205,0
476,476,-134,4353,2622,-6426,7949,4475,8127,-3337,7072,-2241,7651,-3058,7332,2109,-6046,10856,4054,-1053,938,7595,5663,7656,-14521,1
477,477,492,-2794,-6599,-1250,898,-6789,-3106,2768,-3660,1255,-3991,-3657,-891,-5213,-2094,812,-3229,-3915,-1840,-1943,-1618,656,-3442,0
478,478,-3050,4852,-8521,-2386,1962,-3690,-1100,161,-1194,-3146,-3632,3587,-1033,-8543,1387,-32,-4729,3030,-4834,-2836,1353,-452,2635,0
479,479,-2690,-2448,207,2117,-2048,-4051,-1704,-3021,2701,-2168,331,-1795,-888,-6519,-2709,3232,-506,-3006,-2789,-621,509,-1699,-2210,0
480,480,-3224,-1558,582,-3081,-4291,-1592,-1781,-2148,-4727,-9923,7204,-3446,-1071,-7645,1535,-1848,-2355,-2855,-5448,-1381,-3186,-523,-3788,0
481,481,-1469,-5155,-1379,-4546,-1832,-3855,-1032,-4260,-2523,-2337,-2986,-3950,-2924,-2504,-3674,-2511,-1554,-5630,-1483,-3054,-3140,-3279,-2303,0
482,482,-513,-5583,-1737,-4342,-2127,-4698,-3175,-885,-2614,-3598,-3371,-3947,-4601,-3704,-2632,667,-7405,-3850,-5637,-2766,-3010,-98,-1835,0
483,483,-12742,-13807,-15155,-10461,-15287,-13551,-14458,-12348,-13955,-14149,-11992,-15188,-13634,-12289,-15104,-13157,-14436,-12737,-13124,-14335,-12812,-14589,-13293,0
484,484,1416,351,-1654,1913,-5707,2136,1622,-1882,4005,-2526,321,906,-1661,698,-760,603,-149,-309,-1181,-1719,2221,1675,-3429,0
485,485,-14559,7674,-6197,-9972,9009,-10214,-5405,5216,3846,-874,-6068,18799,-4991,6712,-20670,12721,-40,-615,-6027,4408,-5970,-5227,3390,1
